date,document_type,description,file_number
1994-01-26,424B5,Prospectus [Rule 424(b)(5)]Acc-no: 0000891618-94-000021 Size: 109 KB,033-6231094502696
1994-01-26,10-Q,Quarterly report [Sections 13 or 15(d)]Acc-no: 0000320193-94-000002 Size: 233 KB,000-1003094502732
1994-02-10,SC 13G/A,[Amend] Statement of acquisition of beneficial ownership by individualsAcc-no: 0000950150-94-000252 Size: 14 KB,005-3363294505635
1994-02-17,SC 13G/A,[Amend] Statement of acquisition of beneficial ownership by individualsAcc-no: 0000918983-94-000004 Size: 1 KB,005-3363294510471
1994-02-18,SC 13G,Statement of acquisition of beneficial ownership by individualsAcc-no: 0000918983-94-000005 Size: 5 KB,005-3363200000000
1994-03-08,SC 13G/A,[Amend] Statement of acquisition of beneficial ownership by individualsAcc-no: 0000950150-94-000392 Size: 11 KB,005-3363294514992
1994-05-27,S-8,Securities to be offered to employees in employee benefit plansAcc-no: 0000320193-94-000008 Size: 18 KB,033-5389594531250
1994-05-27,S-8,Securities to be offered to employees in employee benefit plansAcc-no: 0000320193-94-000009 Size: 24 KB,033-5387394531134
1994-08-12,10-Q,Quarterly report [Sections 13 or 15(d)]Acc-no: 0000320193-94-000013 Size: 138 KB,000-1003094543802
1994-12-12,DEF 14A,Other definitive proxy statementsAcc-no: 0000891618-94-000258 Size: 61 KB,000-1003094564234
1994-12-13,10-K,"Annual report [Section 13 and 15(d), not S-K Item 405]Acc-no: 0000320193-94-000016 Size: 240 KB",000-1003094564347
1995-01-10,SC 13D/A,[Amend] General statement of acquisition of beneficial ownershipAcc-no: 0000320193-95-000001 Size: 54 KB,
1995-02-06,SC 13G/A,[Amend] Statement of acquisition of beneficial ownership by individualsAcc-no: 0000732812-95-000061 Size: 11 KB,005-3363295505476
1995-02-07,SC 13D/A,[Amend] General statement of acquisition of beneficial ownershipAcc-no: 0000320193-95-000002 Size: 53 KB,
1995-02-09,10-Q,Quarterly report [Sections 13 or 15(d)]Acc-no: 0000320193-95-000003 Size: 132 KB,000-1003095506795
1995-02-14,SC 13G/A,[Amend] Statement of acquisition of beneficial ownership by individualsAcc-no: 0000918983-95-000001 Size: 5 KB,005-3363295509709
1995-03-06,SC 13G/A,[Amend] Statement of acquisition of beneficial ownership by individualsAcc-no: 0000732812-95-000305 Size: 11 KB,005-3363295518714
1995-05-15,10-Q,Quarterly report [Sections 13 or 15(d)]Acc-no: 0000320193-95-000008 Size: 111 KB,000-1003095539148
1995-06-16,S-8,Securities to be offered to employees in employee benefit plansAcc-no: 0000320193-95-000010 Size: 25 KB,033-6028195547438
1995-06-16,S-8,Securities to be offered to employees in employee benefit plansAcc-no: 0000320193-95-000009 Size: 17 KB,033-6027995547437
1995-07-07,SC 13G,Statement of acquisition of beneficial ownership by individualsAcc-no: 0000315066-95-002900 Size: 14 KB,005-3363295552486
1995-08-11,10-Q,Quarterly report [Sections 13 or 15(d)]Acc-no: 0000320193-95-000011 Size: 213 KB,000-1003095561662
1995-10-10,SC 13G/A,[Amend] Statement of acquisition of beneficial ownership by individualsAcc-no: 0000315066-95-003137 Size: 13 KB,005-3363295579381
1995-11-13,SC 13D/A,[Amend] General statement of acquisition of beneficial ownershipAcc-no: 0000320193-95-000012 Size: 14 KB,
1995-12-14,SC 13D/A,[Amend] General statement of acquisition of beneficial ownershipAcc-no: 0000320193-95-000014 Size: 51 KB,
1995-12-14,SC 13D/A,[Amend] General statement of acquisition of beneficial ownershipAcc-no: 0000320193-95-000015 Size: 51 KB,
1995-12-19,DEF 14A,Other definitive proxy statementsAcc-no: 0000891618-95-000750 Size: 111 KB,000-1003095602712
1995-12-19,10-K,"Annual report [Section 13 and 15(d), not S-K Item 405]Acc-no: 0000320193-95-000016 Size: 232 KB",000-1003095602696
1996-02-12,10-Q,Quarterly report [Sections 13 or 15(d)]Acc-no: 0000320193-96-000002 Size: 345 KB,000-1003096516045
1996-02-13,SC 13G,Statement of acquisition of beneficial ownership by individualsAcc-no: 0000320193-96-000003 Size: 7 KB,
1996-04-12,8-K,"Current report, item 1
Acc-no: 0000320193-96-000006 Size: 10 KB",000-1003096546487
1996-04-17,SC 13D/A,[Amend] General statement of acquisition of beneficial ownershipAcc-no: 0000320193-96-000009 Size: 7 KB,
1996-05-13,10-Q,Quarterly report [Sections 13 or 15(d)]Acc-no: 0000320193-96-000011 Size: 438 KB,000-1003096562018
1996-06-17,8-K,"Current report, item 1
Acc-no: 0000320193-96-000014 Size: 9 KB",000-1003096581858
1996-07-02,S-8,Securities to be offered to employees in employee benefit plansAcc-no: 0000320193-96-000016 Size: 10 KB,333-0743796590357
1996-08-12,10-Q,Quarterly report [Sections 13 or 15(d)]Acc-no: 0000320193-96-000018 Size: 336 KB,000-1003096609020
1996-08-28,S-3,Registration statement under Securities Act of 1933Acc-no: 0000912057-96-019063 Size: 748 KB,333-1096196622289
1996-10-28,8-K,"Current report, items 5 and 7
Acc-no: 0000912057-96-023874 Size: 11 KB",000-1003096648703
1996-10-30,S-3/A,[Amend] Registration statement under Securities Act of 1933Acc-no: 0000912057-96-024057 Size: 204 KB,333-1096196649777
1996-12-13,8-K,"Current report, item 4
Acc-no: 0000320193-96-000021 Size: 6 KB",000-1003096680727
1996-12-19,10-K,"Annual report [Section 13 and 15(d), not S-K Item 405]Acc-no: 0000320193-96-000023 Size: 271 KB",000-1003096683426
1996-12-20,424B5,Prospectus [Rule 424(b)(5)]Acc-no: 0000912057-96-029905 Size: 6 KB,333-1096196684360
1996-12-23,8-K/A,"[Amend] Current report, item 4
Acc-no: 0000320193-96-000025 Size: 5 KB",000-1003096684500
1996-12-24,8-K,"Current report, item 7
Acc-no: 0000320193-96-000027 Size: 16 KB",000-1003096686001
1996-12-27,DEF 14A,Other definitive proxy statementsAcc-no: 0000912057-96-030278 Size: 174 KB,000-1003096686724
1997-01-17,424B3,Prospectus [Rule 424(b)(3)]Acc-no: 0000912057-97-001227 Size: 5 KB,333-1096197507525
1997-01-31,DEFA14A,Additional definitive proxy soliciting materials and Rule 14(a)(12) materialAcc-no: 0000890163-97-000011 Size: 5 KB,000-1003097514761
1997-02-05,SC 13G,Statement of acquisition of beneficial ownership by individualsAcc-no: 0000820027-97-000147 Size: 11 KB,005-3363297517894
1997-02-10,SC 13G/A,[Amend] Statement of acquisition of beneficial ownership by individualsAcc-no: 0000820027-97-000191 Size: 12 KB,005-3363297522745
1997-02-10,10-Q,Quarterly report [Sections 13 or 15(d)]Acc-no: 0000320193-97-000002 Size: 247 KB,000-1003097521233
1997-02-21,424B3,Prospectus [Rule 424(b)(3)]Acc-no: 0000912057-97-006461 Size: 5 KB,333-1096197541103
1997-03-21,S-8,Securities to be offered to employees in employee benefit plansAcc-no: 0000320193-97-000006 Size: 44 KB,333-2371997560334
1997-03-21,S-8,Securities to be offered to employees in employee benefit plansAcc-no: 0000320193-97-000005 Size: 101 KB,333-2372597560371
1997-04-09,SC 13D,General statement of acquisition of beneficial ownershipAcc-no: 0001005150-97-000249 Size: 25 KB,005-3363297577486
1997-04-10,8-K,"Current report, item 7
Acc-no: 0000320193-97-000007 Size: 13 KB",000-1003097577834
1997-04-25,8-K,"Current report, item 5
Acc-no: 0000320193-97-000009 Size: 17 KB",000-1003097587488
1997-05-07,424B3,Prospectus [Rule 424(b)(3)]Acc-no: 0000912057-97-015883 Size: 4 KB,333-1096197596906
1997-05-12,10-Q,Quarterly report [Sections 13 or 15(d)]Acc-no: 0000320193-97-000011 Size: 234 KB,000-1003097601037
1997-05-30,S-3,Registration statement under Securities Act of 1933Acc-no: 0000912057-97-019169 Size: 89 KB,333-2819197617416
1997-06-02,S-3/A,[Amend] Registration statement under Securities Act of 1933Acc-no: 0000912057-97-019277 Size: 23 KB,333-2819197618057
1997-06-18,424B3,Prospectus [Rule 424(b)(3)]Acc-no: 0000912057-97-020602 Size: 60 KB,333-2819197625572
1997-07-28,8-K,"Current report, item 4
Acc-no: 0000320193-97-000012 Size: 8 KB",000-1003097646448
1997-08-11,10-Q,Quarterly report [Sections 13 or 15(d)]Acc-no: 0000320193-97-000014 Size: 146 KB,000-1003097655914
1997-09-05,8-K,"Current report, item 2
Acc-no: 0000320193-97-000016 Size: 5 KB",000-1003097675612
1997-09-16,424B3,Prospectus [Rule 424(b)(3)]Acc-no: 0000912057-97-030826 Size: 5 KB,333-1096197680796
1997-09-25,8-K,"Current report, item 2
Acc-no: 0000320193-97-000019 Size: 6 KB",000-1003097685250
1997-09-25,8-K,"Current report, item 2
Acc-no: 0000320193-97-000018 Size: 6 KB",000-1003097685249
1997-10-07,10-Q/A,[Amend] Quarterly report [Sections 13 or 15(d)]Acc-no: 0000320193-97-000021 Size: 8 KB,000-1003097691951
1997-12-05,10-K,"Annual report [Section 13 and 15(d), not S-K Item 405]Acc-no: 0001047469-97-006960 Size: 639 KB",000-1003097733413
1997-12-05,PRE 14A,Other preliminary proxy statementsAcc-no: 0001047469-97-006864 Size: 130 KB,000-1003097732791
1997-12-11,S-4,"Registration of securities, business combinationsAcc-no: 0001047469-97-007470 Size: 602 KB",333-4202597736491
1997-12-18,424B3,Prospectus [Rule 424(b)(3)]Acc-no: 0001047469-97-008147 Size: 3 KB,333-1096197740152
1998-01-06,S-4/A,"[Amend] Registration of securities, business combinationsAcc-no: 0001047469-98-000148 Size: 604 KB",333-4202598501197
1998-01-08,8-K,"Current report, item 2
Acc-no: 0000320193-98-000001 Size: 9 KB",000-1003098503175
1998-01-23,10-K/A,"[Amend] Annual report [Section 13 and 15(d), not S-K Item 405]Acc-no: 0001047469-98-001822 Size: 51 KB",000-1003098511354
1998-02-09,10-Q,Quarterly report [Sections 13 or 15(d)]Acc-no: 0000320193-98-000003 Size: 139 KB,000-1003098524718
1998-03-16,DEF 14A,Other definitive proxy statementsAcc-no: 0001047469-98-010062 Size: 203 KB,000-1003098566590
1998-05-11,10-Q,Quarterly report [Sections 13 or 15(d)]Acc-no: 0000320193-98-000006 Size: 129 KB,000-1003098615298
1998-07-31,S-8,Securities to be offered to employees in employee benefit plansAcc-no: 0000320193-98-000007 Size: 132 KB,333-6045598675834
1998-08-10,SC 13G,Statement of acquisition of beneficial ownership by individualsAcc-no: 0000315066-98-001667 Size: 16 KB,005-3363298680797
1998-08-10,10-Q,Quarterly report [Sections 13 or 15(d)]Acc-no: 0000320193-98-000008 Size: 59 KB,000-1003098680930
1998-12-23,10-K405,"Annual report [Sections 13 and 15(d), S-K Item 405]Acc-no: 0001047469-98-044981 Size: 341 KB",000-1003098774868
1998-12-23,8-K,"Current report, item 1
Acc-no: 0000320193-98-000010 Size: 4 KB",000-1003098775099
1999-01-07,SC 13G/A,[Amend] Statement of acquisition of beneficial ownership by individualsAcc-no: 0000315066-99-000007 Size: 15 KB,005-3363299501837
1999-01-26,PRE 14A,Other preliminary proxy statementsAcc-no: 0001047469-99-002270 Size: 74 KB,000-1003099513375
1999-02-05,SC 13G,Statement of acquisition of beneficial ownership by individualsAcc-no: 0000950128-99-000340 Size: 13 KB,005-3363299521857
1999-02-08,10-Q,Quarterly report [Sections 13 or 15(d)]Acc-no: 0000320193-99-000002 Size: 138 KB,000-1003099524101
1999-02-09,DEF 14A,Other definitive proxy statementsAcc-no: 0001047469-99-003858 Size: 75 KB,000-1003099524512
1999-02-16,SC 13G,Statement of acquisition of beneficial ownership by individualsAcc-no: 0001047469-99-005928 Size: 25 KB,005-3363299540260
1999-02-25,SC 13G/A,[Amend] Statement of acquisition of beneficial ownership by individualsAcc-no: 0000950128-99-000549 Size: 13 KB,005-3363299550417
1999-03-10,SC 13G/A,[Amend] Statement of acquisition of beneficial ownership by individualsAcc-no: 0000766524-99-000650 Size: 20 KB,005-3363299561446
1999-05-11,10-Q,Quarterly report [Sections 13 or 15(d)]Acc-no: 0000320193-99-000004 Size: 190 KB,000-1003099617115
1999-07-09,S-8,Securities to be offered to employees in employee benefit plansAcc-no: 0000320193-99-000006 Size: 57 KB,333-8260399662191
1999-07-16,8-K,"Current report, item 2
Acc-no: 0000320193-99-000007 Size: 6 KB",000-1003099665675
1999-08-06,10-Q,Quarterly report [Sections 13 or 15(d)]Acc-no: 0000320193-99-000009 Size: 154 KB,000-1003099680016
1999-09-07,8-K,"Current report, item 2
Acc-no: 0000320193-99-000010 Size: 5 KB",000-1003099706624
1999-09-09,SC 13G/A,[Amend] Statement of acquisition of beneficial ownership by individualsAcc-no: 0001047469-99-035211 Size: 26 KB,005-3363299708473
1999-12-22,10-K,"Annual report [Section 13 and 15(d), not S-K Item 405]Acc-no: 0000912057-99-010244 Size: 502 KB",000-1003099778628
1999-12-23,S-8,Securities to be offered to employees in employee benefit plansAcc-no: 0000320193-99-000011 Size: 56 KB,333-9347199779519
2000-01-24,8-K,"Current report, items 5 and 7
Acc-no: 0000912057-00-002128 Size: 6 KB",000-10030512113
2000-01-27,SC 13G/A,[Amend] Statement of acquisition of beneficial ownership by individualsAcc-no: 0000950128-00-000087 Size: 12 KB,005-33632513994
2000-02-01,10-Q,Quarterly report [Sections 13 or 15(d)]Acc-no: 0000912057-00-003201 Size: 84 KB,000-10030518560
2000-02-04,SC 13G,Statement of acquisition of beneficial ownership by individualsAcc-no: 0000950144-00-001378 Size: 34 KB,005-33632523271
2000-02-15,PRE 14A,Other preliminary proxy statementsAcc-no: 0000912057-00-007171 Size: 131 KB,000-10030546686
2000-02-15,SC 13G,Statement of acquisition of beneficial ownership by individualsAcc-no: 0000812295-00-000024 Size: 11 KB,005-33632545073
2000-02-17,SC 13G/A,[Amend] Statement of acquisition of beneficial ownership by individualsAcc-no: 0000766524-00-000026 Size: 20 KB,005-33632548080
2000-03-06,DEF 14A,Other definitive proxy statementsAcc-no: 0000912057-00-010000 Size: 135 KB,000-10030561854
2000-05-11,10-Q,Quarterly report [Sections 13 or 15(d)]Acc-no: 0000912057-00-023442 Size: 172 KB,000-10030626787
2000-05-15,S-8,Securities to be offered to employees in employee benefit plansAcc-no: 0000912057-00-024086 Size: 108 KB,333-37012630736
2000-07-31,10-Q,Quarterly report [Sections 13 or 15(d)]Acc-no: 0000912057-00-033901 Size: 243 KB,000-10030682642
2000-12-14,10-K,"Annual report [Section 13 and 15(d), not S-K Item 405]Acc-no: 0000912057-00-053623 Size: 310 KB",000-10030789406
2000-12-19,S-8,Securities to be offered to employees in employee benefit plansAcc-no: 0000912057-00-054025 Size: 65 KB,333-52116791437
2001-01-10,SC 13G/A,[Amend] Statement of acquisition of beneficial ownership by individualsAcc-no: 0000950144-01-000951 Size: 9 KB,005-336321505405
2001-02-09,SC 13G,Statement of acquisition of beneficial ownership by individualsAcc-no: 0000950129-01-000701 Size: 11 KB,005-336321530316
2001-02-12,10-Q,Quarterly report [Sections 13 or 15(d)]Acc-no: 0000912057-01-004642 Size: 100 KB,000-100301534347
2001-02-15,SC 13G/A,[Amend] Statement of acquisition of beneficial ownership by individualsAcc-no: 0000812295-01-000138 Size: 11 KB,005-336321547569
2001-03-12,DEF 14A,Other definitive proxy statementsAcc-no: 0000912057-01-007512 Size: 145 KB,000-100301566488
2001-05-14,10-Q,Quarterly report [Sections 13 or 15(d)]Acc-no: 0000912057-01-515409 Size: 283 KB,000-100301633697
2001-05-18,S-8,Securities to be offered to employees in employee benefit plansAcc-no: 0000912057-01-516861 Size: 103 KB,333-612761643871
2001-08-13,10-Q,Quarterly report [Sections 13 or 15(d)]Acc-no: 0000912057-01-528148 Size: 303 KB,000-100301707247
2001-09-28,S-8,Securities to be offered to employees in employee benefit plansAcc-no: 0000912057-01-533929 Size: 90 KB,333-705061748835
2001-12-21,10-K405,"Annual report [Sections 13 and 15(d), S-K Item 405]Acc-no: 0000912057-01-544436 Size: 791 KB",000-100301821603
2001-12-24,S-8,Securities to be offered to employees in employee benefit plansAcc-no: 0000912057-01-544489 Size: 93 KB,333-759301822166
2002-01-28,SC 13G/A,[Amend] Statement of acquisition of beneficial ownership by individualsAcc-no: 0001089355-02-000112 Size: 7 KB,005-3363202518407
2002-02-06,SC 13G/A,[Amend] Statement of acquisition of beneficial ownership by individualsAcc-no: 0000950129-02-000552 Size: 12 KB,005-3363202527895
2002-02-11,10-Q,Quarterly report [Sections 13 or 15(d)]Acc-no: 0000912057-02-004945 Size: 279 KB,000-1003002534550
2002-02-13,SC 13G,Statement of acquisition of beneficial ownership by individualsAcc-no: 0000315066-02-000409 Size: 14 KB,005-3363202540827
2002-02-20,NO ACT,[Paper]No Action LetterAcc-no: 9999999997-02-013900 Size: 1 KB,000-1003002020265
2002-02-26,NO ACT,[Paper]No Action LetterAcc-no: 9999999997-02-015426 Size: 1 KB,000-1003002024468
2002-03-21,DEF 14A,Other definitive proxy statementsAcc-no: 0000912057-02-010888 Size: 341 KB,000-1003002581261
2002-04-10,SC 13G/A,[Amend] Statement of acquisition of beneficial ownership by individualsAcc-no: 0000315066-02-001502 Size: 14 KB,005-3363202606490
2002-05-14,10-Q,Quarterly report [Sections 13 or 15(d)]Acc-no: 0000912057-02-020280 Size: 343 KB,000-1003002647345
2002-07-10,SC 13G/A,[Amend] Statement of acquisition of beneficial ownership by individualsAcc-no: 0000315066-02-002012 Size: 15 KB,005-3363202699429
2002-08-05,8-K,"Current report, items 5 and 7
Acc-no: 0000912057-02-029692 Size: 72 KB",000-1003002718945
2002-08-09,10-Q,Quarterly report [Sections 13 or 15(d)]Acc-no: 0000912057-02-030796 Size: 488 KB,000-1003002725204
2002-08-13,8-K,"Current report, items 5 and 7
Acc-no: 0000912057-02-031595 Size: 20 KB",000-1003002730272
2002-12-19,10-K,"Annual report [Section 13 and 15(d), not S-K Item 405]Acc-no: 0001047469-02-007674 Size: 895 KB",000-1003002863602
2002-12-24,S-8,Securities to be offered to employees in employee benefit plansAcc-no: 0001047469-02-008213 Size: 173 KB,333-10218402867883
2003-01-30,SC 13G/A,[Amend] Statement of acquisition of beneficial ownership by individualsAcc-no: 0001089355-03-000058 Size: 7 KB,005-3363203531078
2003-02-10,10-Q,Quarterly report [Sections 13 or 15(d)]Acc-no: 0001047469-03-004566 Size: 392 KB,000-1003003547782
2003-02-14,SC 13G,Statement of acquisition of beneficial ownership by individualsAcc-no: 0000812295-03-000017 Size: 9 KB,005-3363203567108
2003-03-03,NO ACT,[Paper]No Action LetterAcc-no: 9999999997-03-008286 Size: 1 KB,000-1003003016562
2003-03-20,SC TO-I,Tender offer statement by IssuerAcc-no: 0001047469-03-009460 Size: 1 MB,005-3363203611011
2003-03-21,8-K,"Current report, items 5 and 7
Acc-no: 0001104659-03-004649 Size: 47 KB",000-1003003611221
2003-03-24,DEF 14A,Other definitive proxy statementsAcc-no: 0001047469-03-009893 Size: 517 KB,000-1003003614208
2003-04-16,8-K,"Current report, items 7 and 9
Acc-no: 0001047469-03-013617 Size: 93 KB",000-1003003652784
2003-04-24,SC TO-I/A,[Amend] Tender offer statement by IssuerAcc-no: 0001047469-03-014368 Size: 17 KB,005-3363203660972
2003-05-13,10-Q,Quarterly report [Sections 13 or 15(d)]Acc-no: 0001104659-03-009489 Size: 1 MB,000-1003003696075
2003-06-24,S-8,Securities to be offered to employees in employee benefit plansAcc-no: 0001047469-03-022132 Size: 154 KB,333-10642103755310
2003-07-16,8-K,"Current report, items 7 and 9
Acc-no: 0001104659-03-014913 Size: 295 KB",000-1003003789493
2003-08-12,10-Q,Quarterly report [Sections 13 or 15(d)]Acc-no: 0001104659-03-017766 Size: 1 MB,000-1003003837724
2003-10-15,8-K,"Current report, items 12 and 7
Acc-no: 0001104659-03-022879 Size: 491 KB",000-1003003942080
2003-12-19,10-K,"Annual report [Section 13 and 15(d), not S-K Item 405]Acc-no: 0001047469-03-041604 Size: 2 MB",000-10030031066037
2004-01-12,SC 13G/A,[Amend] Statement of acquisition of beneficial ownership by individualsAcc-no: 0000812295-04-000023 Size: 9 KB,005-3363204520836
2004-01-14,8-K,"Current report, items 12 and 7
Acc-no: 0001104659-04-000896 Size: 323 KB",000-1003004525208
2004-02-04,SC 13G/A,[Amend] Statement of acquisition of beneficial ownership by individualsAcc-no: 0001047469-04-003121 Size: 6 KB,005-3363204565948
2004-02-10,10-Q,Quarterly report [Sections 13 or 15(d)]Acc-no: 0001104659-04-003080 Size: 1 MB,000-1003004579360
2004-02-13,SC 13G,Statement of acquisition of beneficial ownership by individualsAcc-no: 0000897226-04-000117 Size: 7 KB,005-3363204600784
2004-03-11,DEF 14A,Other definitive proxy statementsAcc-no: 0001047469-04-007414 Size: 309 KB,000-1003004661631
2004-04-14,8-K,"Current report, items 12 and 7
Acc-no: 0001104659-04-010122 Size: 452 KB",000-1003004733374
2004-05-06,10-Q,Quarterly report [Sections 13 or 15(d)]Acc-no: 0001104659-04-013021 Size: 1 MB,000-1003004786157
2004-07-14,8-K,"Current report, items 12 and 7
Acc-no: 0001104659-04-019574 Size: 464 KB",000-1003004914106
2004-08-05,10-Q,Quarterly report [Sections 13 or 15(d)]Acc-no: 0001104659-04-022384 Size: 1 MB,000-1003004952973
2004-10-13,8-K,"Current report, items 2.02 and 9.01
Acc-no: 0001104659-04-030400 (34 Act)  Size: 514 KB",000-10030041077241
2004-12-03,10-K,"Annual report [Section 13 and 15(d), not S-K Item 405]Acc-no: 0001047469-04-035975 (34 Act)  Size: 966 KB",000-10030041181605
2005-01-11,8-K,"Current report, item 2.02
Acc-no: 0001104659-05-001049 (34 Act)  Size: 20 KB",000-1003005522973
2005-01-12,8-K,"Current report, items 2.02 and 9.01
Acc-no: 0001104659-05-001183 (34 Act)  Size: 265 KB",000-1003005526102
2005-02-01,10-Q,Quarterly report [Sections 13 or 15(d)]Acc-no: 0001104659-05-003520 (34 Act)  Size: 1 MB,000-1003005566739
2005-02-11,8-K,"Current report, item 8.01
Acc-no: 0001104659-05-005507 (34 Act)  Size: 19 KB",000-1003005595117
2005-02-14,SC 13G/A,[Amend] Statement of acquisition of beneficial ownership by individualsAcc-no: 0001047469-05-003483 (34 Act)  Size: 8 KB,005-3363205602716
2005-02-14,SC 13G,Statement of acquisition of beneficial ownership by individualsAcc-no: 0000913414-05-000073 (34 Act)  Size: 67 KB,005-3363205605343
2005-02-14,SC 13G/A,[Amend] Statement of acquisition of beneficial ownership by individualsAcc-no: 0000897226-05-000099 (34 Act)  Size: 7 KB,005-3363205610051
2005-02-14,SC 13G,Statement of acquisition of beneficial ownership by individualsAcc-no: 0000315066-05-000389 (34 Act)  Size: 14 KB,005-3363205601243
2005-03-02,8-K,"Current report, items 3.03 and 5.03
Acc-no: 0001181431-05-013840 (34 Act)  Size: 12 KB",000-1003005655071
2005-03-15,DEF 14A,Other definitive proxy statementsAcc-no: 0001047469-05-006387 (34 Act)  Size: 556 KB,000-1003005679581
2005-04-13,8-K,"Current report, items 2.02 and 9.01
Acc-no: 0001104659-05-016307 (34 Act)  Size: 461 KB",000-1003005748601
2005-04-26,8-K,"Current report, item 1.01
Acc-no: 0001181431-05-023450 (34 Act)  Size: 16 KB",000-1003005771263
2005-05-04,10-Q,Quarterly report [Sections 13 or 15(d)]Acc-no: 0001104659-05-020421 (34 Act)  Size: 1 MB,000-1003005800158
2005-05-23,S-8,Securities to be offered to employees in employee benefit plansAcc-no: 0001104659-05-024992 (33 Act)  Size: 298 KB,333-12514805851407
2005-06-06,8-K,"Current report, item 8.01
Acc-no: 0001181431-05-033177 (34 Act)  Size: 20 KB",000-1003005879999
2005-07-13,8-K,"Current report, items 2.02 and 9.01
Acc-no: 0001104659-05-032297 (34 Act)  Size: 452 KB",000-1003005952604
2005-08-03,10-Q,Quarterly report [Sections 13 or 15(d)]Acc-no: 0001104659-05-035792 (34 Act)  Size: 1 MB,000-1003005993572
2005-08-15,8-K,"Current report, item 1.01
Acc-no: 0001181431-05-046871 (34 Act)  Size: 17 KB",000-10030051027612
2005-08-26,8-K,"Current report, item 1.01
Acc-no: 0001181431-05-049163 (34 Act)  Size: 11 KB",000-10030051052605
2005-10-11,8-K,"Current report, items 2.02 and 9.01
Acc-no: 0001104659-05-048094 (34 Act)  Size: 489 KB",000-10030051133003
2005-10-14,8-K,"Current report, item 5.02
Acc-no: 0001181431-05-056604 (34 Act)  Size: 18 KB",000-10030051139329
2005-12-01,10-K,"Annual report [Section 13 and 15(d), not S-K Item 405]Acc-no: 0001104659-05-058421 (34 Act)  Size: 3 MB",000-10030051235812
2005-12-19,8-K,"Current report, item 1.01
Acc-no: 0001181431-05-067468 (34 Act)  Size: 13 KB",000-10030051271072
2006-01-10,8-K,"Current report, item 2.02
Acc-no: 0001104659-06-001428 (34 Act)  Size: 19 KB",000-1003006521464
2006-01-18,8-K,"Current report, items 2.02 and 9.01
Acc-no: 0001104659-06-002690 (34 Act)  Size: 394 KB",000-1003006535871
2006-01-26,SC 13G,Statement of acquisition of beneficial ownership by individualsAcc-no: 0000913414-06-000310 (34 Act)  Size: 21 KB,005-3363206550836
2006-02-03,10-Q,Quarterly report [Sections 13 or 15(d)]Acc-no: 0001104659-06-005910 (34 Act)  Size: 1 MB,000-1003006578233
2006-02-09,SC 13G,Statement of acquisition of beneficial ownership by individualsAcc-no: 0000312069-06-000990 (34 Act)  Size: 48 KB,005-3363206590504
2006-02-14,SC 13G/A,[Amend] Statement of acquisition of beneficial ownership by individualsAcc-no: 0000315066-06-002236 (34 Act)  Size: 10 KB,005-3363206610116
2006-03-13,DEF 14A,Other definitive proxy statementsAcc-no: 0001193125-06-052321 (34 Act)  Size: 1 MB,000-1003006682467
2006-03-14,DEFR14A,Revised definitive proxy soliciting materialsAcc-no: 0001193125-06-052688 (34 Act)  Size: 1 MB,000-1003006683465
2006-04-19,8-K,"Current report, items 2.02 and 9.01
Acc-no: 0001104659-06-025992 (34 Act)  Size: 500 KB",000-1003006767561
2006-04-21,8-K,"Current report, item 1.01
Acc-no: 0001181431-06-024759 (34 Act)  Size: 11 KB",000-1003006773072
2006-05-05,10-Q,Quarterly report [Sections 13 or 15(d)]Acc-no: 0001104659-06-031303 (34 Act)  Size: 1 MB,000-1003006810345
2006-07-19,8-K,"Current report, items 2.02 and 9.01
Acc-no: 0001104659-06-047739 (34 Act)  Size: 524 KB",000-1003006969672
2006-08-04,8-K,"Current report, items 2.02, 4.02, and 9.01
Acc-no: 0001104659-06-051302 (34 Act)  Size: 31 KB",000-10030061003657
2006-08-11,NT 10-Q,Notification of inability to timely file Form 10-Q or 10-QSBAcc-no: 0001104659-06-053743 (34 Act)  Size: 34 KB,000-10030061022784
2006-08-11,8-K,"Current report, items 2.02, 3.01, and 9.01
Acc-no: 0001104659-06-054118 (34 Act)  Size: 28 KB",000-10030061025584
2006-08-17,CORRESP,[Cover]CorrespondenceAcc-no: 0001104659-06-055907 Size: 52 KB,
2006-08-28,UPLOAD,[Cover]SEC-generated letterAcc-no: 0000000000-06-041438 Size: 64 KB,
2006-09-01,8-K,"Current report, items 1.01, 5.02, 5.03, and 9.01
Acc-no: 0001104659-06-058808 (34 Act)  Size: 37 KB",000-10030061069766
2006-10-04,8-K,"Current report, items 5.02, 8.01, and 9.01
Acc-no: 0001104659-06-064935 (34 Act)  Size: 31 KB",000-10030061129214
2006-10-06,UPLOAD,[Cover]SEC-generated letterAcc-no: 0000000000-06-048618 Size: 20 KB,
2006-10-18,8-K,"Current report, items 2.02 and 9.01
Acc-no: 0001104659-06-067275 (34 Act)  Size: 308 KB",000-10030061151154
2006-10-27,8-K,"Current report, item 8.01
Acc-no: 0001104659-06-069015 (34 Act)  Size: 18 KB",000-10030061167128
2006-12-15,NT 10-K,"Notification of inability to timely file Form 10-K 405, 10-K, 10-KSB 405, 10-KSB, 10-KT, or 10-KT405Acc-no: 0001104659-06-081617 (34 Act)  Size: 60 KB",000-10030061278263
2006-12-29,10-Q,Quarterly report [Sections 13 or 15(d)]Acc-no: 0001104659-06-084286 (34 Act)  Size: 1 MB,000-10030061303993
2006-12-29,10-K,"Annual report [Section 13 and 15(d), not S-K Item 405]Acc-no: 0001104659-06-084288 (34 Act)  Size: 4 MB",000-10030061304002
2007-01-10,8-K,"Current report, items 5.03 and 9.01
Acc-no: 0001104659-07-001648 (34 Act)  Size: 33 KB",000-1003007521670
2007-01-17,8-K,"Current report, items 2.02 and 9.01
Acc-no: 0001104659-07-002905 (34 Act)  Size: 271 KB",000-1003007535347
2007-01-18,SC 13G/A,[Amend] Statement of acquisition of beneficial ownership by individualsAcc-no: 0000913414-07-000583 (34 Act)  Size: 25 KB,005-3363207538392
2007-02-02,10-Q,Quarterly report [Sections 13 or 15(d)]Acc-no: 0001104659-07-006648 (34 Act)  Size: 1 MB,000-1003007574245
2007-02-14,SC 13G/A,[Amend] Statement of acquisition of beneficial ownership by individualsAcc-no: 0000315066-07-001463 (34 Act)  Size: 12 KB,005-3363207621064
2007-02-21,8-K,"Current report, items 5.03 and 9.01
Acc-no: 0001104659-07-012760 (34 Act)  Size: 282 KB",000-1003007639537
2007-02-28,UPLOAD,[Cover]SEC-generated letterAcc-no: 0000000000-07-010551 Size: 84 KB,
2007-03-13,CORRESP,[Cover]CorrespondenceAcc-no: 0001104659-07-018772 Size: 70 KB,
2007-03-16,SC TO-I,Tender offer statement by IssuerAcc-no: 0001104659-07-019900 (34 Act)  Size: 580 KB,005-3363207699414
2007-03-21,SC TO-I/A,[Amend] Tender offer statement by IssuerAcc-no: 0001104659-07-021221 (34 Act)  Size: 436 KB,005-3363207709774
2007-04-12,UPLOAD,[Cover]SEC-generated letterAcc-no: 0000000000-07-018270 Size: 35 KB,
2007-04-16,DEF 14A,Other definitive proxy statementsAcc-no: 0001104659-07-028382 (34 Act)  Size: 1 MB,000-1003007767098
2007-04-17,SC TO-I/A,[Amend] Tender offer statement by IssuerAcc-no: 0001104659-07-028681 (34 Act)  Size: 39 KB,005-3363207769489
2007-04-24,8-K,"Current report, items 8.01 and 9.01
Acc-no: 0001104659-07-030938 (34 Act)  Size: 38 KB",000-1003007785189
2007-04-24,CORRESP,[Cover]CorrespondenceAcc-no: 0001104659-07-031008 Size: 31 KB,
2007-04-25,8-K,"Current report, items 2.02 and 9.01
Acc-no: 0001104659-07-031354 (34 Act)  Size: 302 KB",000-1003007787960
2007-04-26,PX14A6G,Notice of exempt solicitationAcc-no: 0000884541-07-000003 (34 Act)  Size: 190 KB,000-1003007789664
2007-05-08,UPLOAD,[Cover]SEC-generated letterAcc-no: 0000000000-07-023114 Size: 32 KB,
2007-05-10,10-Q,Quarterly report [Sections 13 or 15(d)]Acc-no: 0001104659-07-037745 (34 Act)  Size: 1 MB,000-1003007834385
2007-05-16,8-K,"Current report, items 5.02 and 9.01
Acc-no: 0001104659-07-040672 (34 Act)  Size: 233 KB",000-1003007858557
2007-05-21,CORRESP,[Cover]CorrespondenceAcc-no: 0001104659-07-041872 Size: 24 KB,
2007-06-15,UPLOAD,[Cover]SEC-generated letterAcc-no: 0000000000-07-029517 Size: 20 KB,
2007-07-25,8-K,"Current report, items 2.02 and 9.01
Acc-no: 0001104659-07-056111 (34 Act)  Size: 334 KB",000-1003007999637
2007-08-08,10-Q,Quarterly report [Sections 13 or 15(d)]Acc-no: 0001104659-07-059873 (34 Act)  Size: 1 MB,000-10030071033384
2007-09-13,S-8,Securities to be offered to employees in employee benefit plansAcc-no: 0001104659-07-068703 (33 Act)  Size: 100 KB,333-146026071114364
2007-10-22,8-K,"Current report, items 2.02 and 9.01
Acc-no: 0001104659-07-076142 (34 Act)  Size: 356 KB",000-10030071183410
2007-11-15,10-K,"Annual report [Section 13 and 15(d), not S-K Item 405]Acc-no: 0001047469-07-009340 (34 Act)  Size: 1 MB",000-10030071250316
2008-01-08,8-K,"Current report, item 5.02
Acc-no: 0001181431-08-002372 (34 Act)  Size: 13 KB",000-1003008518542
2008-01-15,8-K,"Current report, items 2.02 and 8.01
Acc-no: 0001181431-08-003342 (34 Act)  Size: 11 KB",000-1003008530508
2008-01-22,8-K,"Current report, items 2.02 and 9.01
Acc-no: 0001193125-08-009715 (34 Act)  Size: 152 KB",000-1003008542176
2008-01-23,DEF 14A,Other definitive proxy statementsAcc-no: 0001193125-08-010038 (34 Act)  Size: 1 MB,000-1003008543319
2008-01-23,DEFA14A,Additional definitive proxy soliciting materials and Rule 14(a)(12) materialAcc-no: 0001193125-08-010040 (34 Act)  Size: 555 KB,000-1003008543322
2008-01-29,UPLOAD,[Cover]SEC-generated letterAcc-no: 0000000000-08-005104 Size: 43 KB,
2008-02-01,10-Q,Quarterly report [Sections 13 or 15(d)]Acc-no: 0001193125-08-017426 (34 Act)  Size: 710 KB,000-1003008566001
2008-02-11,CORRESP,[Cover]CorrespondenceAcc-no: 0001193125-08-026224 Size: 28 KB,
2008-02-14,SC 13G/A,[Amend] Statement of acquisition of beneficial ownership by individualsAcc-no: 0000315066-08-001258 (34 Act)  Size: 12 KB,005-3363208615795
2008-03-03,UPLOAD,[Cover]SEC-generated letterAcc-no: 0000000000-08-011085 Size: 29 KB,
2008-03-17,CORRESP,[Cover]CorrespondenceAcc-no: 0001193125-08-058905 Size: 17 KB,
2008-03-26,UPLOAD,[Cover]SEC-generated letterAcc-no: 0000000000-08-015761 Size: 19 KB,
2008-04-23,8-K,"Current report, items 2.02 and 9.01
Acc-no: 0001193125-08-088001 (34 Act)  Size: 176 KB",000-1003008772114
2008-05-01,10-Q,Quarterly report [Sections 13 or 15(d)]Acc-no: 0001193125-08-097759 (34 Act)  Size: 634 KB,000-1003008791791
2008-06-09,8-K,"Current report, item 8.01
Acc-no: 0001181431-08-037620 (34 Act)  Size: 12 KB",000-1003008887895
2008-07-21,8-K,"Current report, items 2.02 and 9.01
Acc-no: 0001193125-08-154381 (34 Act)  Size: 172 KB",000-1003008961515
2008-07-23,10-Q,Quarterly report [Sections 13 or 15(d)]Acc-no: 0001193125-08-156421 (34 Act)  Size: 615 KB,000-1003008966486
2008-08-26,8-K,"Current report, item 5.03
Acc-no: 0001181431-08-050059 (34 Act)  Size: 108 KB",000-10030081037925
2008-10-21,8-K,"Current report, items 2.02 and 9.01
Acc-no: 0001193125-08-213642 (34 Act)  Size: 209 KB",000-10030081133709
2008-11-05,10-K,"Annual report [Section 13 and 15(d), not S-K Item 405]Acc-no: 0001193125-08-224958 (34 Act)  Size: 1 MB",000-10030081162315
2008-11-20,NO ACT,[Paper]No Action LetterAcc-no: 9999999997-08-047872 (34 Act)  Size: 1 KB,000-1003008067242
2008-12-22,UPLOAD,[Cover]SEC-generated letterAcc-no: 0000000000-08-063179 Size: 46 KB,
2009-01-05,CORRESP,[Cover]CorrespondenceAcc-no: 0001193125-09-001258 Size: 26 KB,
2009-01-07,DEF 14A,Other definitive proxy statementsAcc-no: 0001193125-09-002537 (34 Act)  Size: 857 KB,000-1003009513319
2009-01-07,DEFA14A,Additional definitive proxy soliciting materials and Rule 14(a)(12) materialAcc-no: 0001193125-09-002542 (34 Act)  Size: 702 KB,000-1003009513343
2009-01-16,8-K,"Current report, item 5.02
Acc-no: 0001181431-09-003017 (34 Act)  Size: 16 KB",000-1003009529720
2009-01-21,8-K,"Current report, items 2.02 and 9.01
Acc-no: 0001193125-09-009009 (34 Act)  Size: 188 KB",000-1003009536911
2009-01-23,10-Q,Quarterly report [Sections 13 or 15(d)]Acc-no: 0001193125-09-009937 (34 Act)  Size: 691 KB,000-1003009540297
2009-01-24,UPLOAD,[Cover]SEC-generated letterAcc-no: 0000000000-09-003622 Size: 39 KB,
2009-02-09,CORRESP,[Cover]CorrespondenceAcc-no: 0001193125-09-022511 Size: 41 KB,
2009-02-17,SC 13G/A,[Amend] Statement of acquisition of beneficial ownership by individualsAcc-no: 0000315066-09-001461 (34 Act)  Size: 11 KB,005-3363209611142
2009-02-27,8-K,"Current report, item 4.01
Acc-no: 0001181431-09-012161 (34 Act)  Size: 17 KB",000-1003009643444
2009-02-27,UPLOAD,[Cover]SEC-generated letterAcc-no: 0000000000-09-010570 Size: 19 KB,
2009-04-22,8-K,"Current report, items 2.02 and 9.01
Acc-no: 0001193125-09-084599 (34 Act)  Size: 204 KB",000-1003009764127
2009-04-23,10-Q,Quarterly report [Sections 13 or 15(d)]Acc-no: 0001193125-09-085781 (34 Act)  Size: 903 KB,000-1003009766784
2009-04-27,10-Q/A,[Amend] Quarterly report [Sections 13 or 15(d)]Acc-no: 0001193125-09-087629 (34 Act)  Size: 44 KB,000-1003009771032
2009-06-02,8-K,"Current report, item 5.03
Acc-no: 0001181431-09-028400 (34 Act)  Size: 99 KB",000-1003009868986
2009-07-21,8-K,"Current report, items 2.02 and 9.01
Acc-no: 0001193125-09-152290 (34 Act)  Size: 210 KB",000-1003009955313
2009-07-22,10-Q,Quarterly report [Sections 13 or 15(d)]Acc-no: 0001193125-09-153165 (34 Act)  Size: 2 MB,000-1003009957443
2009-08-04,8-K,"Current report, item 5.02
Acc-no: 0001181431-09-037492 (34 Act)  Size: 11 KB",000-1003009981503
2009-10-19,8-K,"Current report, items 2.02 and 9.01
Acc-no: 0001193125-09-209633 (34 Act)  Size: 235 KB",000-10030091126164
2009-10-27,10-K,"Annual report [Section 13 and 15(d), not S-K Item 405]Acc-no: 0001193125-09-214859 (34 Act)  Size: 3 MB",000-10030091139493
2009-12-23,PRE 14A,Other preliminary proxy statementsAcc-no: 0001193125-09-259414 (34 Act)  Size: 1 MB,000-10030091258850
2010-01-12,DEF 14A,Other definitive proxy statementsAcc-no: 0001193125-10-005145 (34 Act)  Size: 1 MB,000-1003010522974
2010-01-25,10-Q,Quarterly report [Sections 13 or 15(d)]Acc-no: 0001193125-10-012085 (34 Act)  Size: 2 MB,000-1003010545012
2010-01-25,10-K/A,"[Amend] Annual report [Section 13 and 15(d), not S-K Item 405]Acc-no: 0001193125-10-012091 (34 Act)  Size: 5 MB",000-1003010545024
2010-01-25,8-K,"Current report, items 2.02 and 9.01
Acc-no: 0001193125-10-012096 (34 Act)  Size: 1 MB",000-1003010545067
2010-01-26,DEFR14A,Revised definitive proxy soliciting materialsAcc-no: 0001193125-10-013030 (34 Act)  Size: 1 MB,000-1003010548005
2010-01-29,SC 13G,Statement of acquisition of beneficial ownership by individualsAcc-no: 0001086364-10-006981 (34 Act)  Size: 15 KB,005-3363210557188
2010-02-16,SC 13G,Statement of acquisition of beneficial ownership by individualsAcc-no: 0000315066-10-001412 (34 Act)  Size: 12 KB,005-3363210604548
2010-02-18,UPLOAD,[Cover]SEC-generated letterAcc-no: 0000000000-10-009165 Size: 49 KB,
2010-03-01,8-K,"Current report, items 5.02, 5.07, and 9.01
Acc-no: 0001193125-10-044765 (34 Act)  Size: 177 KB",000-1003010644959
2010-03-04,CORRESP,[Cover]CorrespondenceAcc-no: 0001193125-10-047713 Size: 34 KB,
2010-03-04,S-8,Securities to be offered to employees in employee benefit plansAcc-no: 0001193125-10-047931 (33 Act)  Size: 235 KB,333-16521410657569
2010-03-12,8-K,"Current report, item 5.02
Acc-no: 0001181431-10-016054 (34 Act)  Size: 12 KB",000-1003010678264
2010-03-19,UPLOAD,[Cover]SEC-generated letterAcc-no: 0000000000-10-015363 Size: 29 KB,
2010-04-01,CORRESP,[Cover]CorrespondenceAcc-no: 0001193125-10-075309 Size: 19 KB,
2010-04-14,UPLOAD,[Cover]SEC-generated letterAcc-no: 0000000000-10-020291 Size: 19 KB,
2010-04-20,8-K,"Current report, items 2.02 and 9.01
Acc-no: 0001193125-10-087786 (34 Act)  Size: 174 KB",000-1003010759660
2010-04-21,10-Q,Quarterly report [Sections 13 or 15(d)]Acc-no: 0001193125-10-088957 (34 Act)  Size: 3 MB,000-1003010762128
2010-07-20,8-K,"Current report, items 2.02 and 9.01
Acc-no: 0001193125-10-161807 (34 Act)  Size: 179 KB",000-1003010960735
2010-07-21,10-Q,Quarterly report [Sections 13 or 15(d)]Acc-no: 0001193125-10-162840 (34 Act)  Size: 9 MB,000-1003010962699
2010-07-22,S-8,Securities to be offered to employees in employee benefit plansAcc-no: 0001193125-10-163862 (33 Act)  Size: 154 KB,333-16827910965116
2010-10-18,8-K,"Current report, items 2.02 and 9.01
Acc-no: 0001193125-10-230992 (34 Act)  Size: 196 KB",000-10030101128326
2010-10-27,10-K,"Annual report [Section 13 and 15(d), not S-K Item 405]Acc-no: 0001193125-10-238044 (34 Act)  Size: 13 MB",000-10030101145250
2010-11-17,8-K,"Current report, items 5.02, 5.03, and 9.01
Acc-no: 0001181431-10-056327 (34 Act)  Size: 105 KB",000-10030101200634
2011-01-07,DEF 14A,Other definitive proxy statementsAcc-no: 0001193125-11-003231 (34 Act)  Size: 1 MB,000-1003011515646
2011-01-07,DEFA14A,Additional definitive proxy soliciting materials and Rule 14(a)(12) materialAcc-no: 0001193125-11-003232 (34 Act)  Size: 185 KB,000-1003011515647
2011-01-18,8-K,"Current report, item 5.02
Acc-no: 0001181431-11-003847 (34 Act)  Size: 15 KB",000-1003011531716
2011-01-18,8-K,"Current report, items 2.02 and 9.01
Acc-no: 0001193125-11-009392 (34 Act)  Size: 196 KB",000-1003011533532
2011-01-19,10-Q,Quarterly report [Sections 13 or 15(d)]Acc-no: 0001193125-11-010144 (34 Act)  Size: 6 MB,000-1003011536124
2011-01-28,UPLOAD,[Cover]SEC-generated letterAcc-no: 0000000000-11-005950 Size: 59 KB,
2011-02-02,SC 13G/A,[Amend] Statement of acquisition of beneficial ownership by individualsAcc-no: 0001086364-11-002280 (34 Act)  Size: 13 KB,005-3363211566714
2011-02-03,PX14A6G,Notice of exempt solicitationAcc-no: 0001171520-11-000080 (34 Act)  Size: 106 KB,000-1003011569169
2011-02-08,CORRESP,[Cover]CorrespondenceAcc-no: 0001193125-11-027619 Size: 33 KB,
2011-02-14,SC 13G/A,[Amend] Statement of acquisition of beneficial ownership by individualsAcc-no: 0000315066-11-002246 (34 Act)  Size: 12 KB,005-3363211607664
2011-02-24,8-K,"Current report, item 5.07
Acc-no: 0001193125-11-045411 (34 Act)  Size: 34 KB",000-1003011636734
2011-03-23,UPLOAD,[Cover]SEC-generated letterAcc-no: 0000000000-11-017736 Size: 51 KB,
2011-03-28,CORRESP,[Cover]CorrespondenceAcc-no: 0001193125-11-079964 Size: 53 KB,
2011-04-20,8-K,"Current report, items 2.02 and 9.01
Acc-no: 0001193125-11-103732 (34 Act)  Size: 215 KB",000-1003011770903
2011-04-21,10-Q,Quarterly report [Sections 13 or 15(d)]Acc-no: 0001193125-11-104388 (34 Act)  Size: 7 MB,000-1003011771917
2011-04-25,UPLOAD,[Cover]SEC-generated letterAcc-no: 0000000000-11-025682 Size: 44 KB,
2011-06-15,8-K,"Current report, item 5.02
Acc-no: 0001181431-11-036782 (34 Act)  Size: 11 KB",000-1003011913478
2011-06-29,UPLOAD,[Cover]SEC-generated letterAcc-no: 0000000000-11-039549 Size: 59 KB,
2011-07-12,CORRESP,[Cover]CorrespondenceAcc-no: 0001193125-11-186548 Size: 41 KB,
2011-07-19,8-K,"Current report, items 2.02 and 9.01
Acc-no: 0001193125-11-191368 (34 Act)  Size: 216 KB",000-1003011975493
2011-07-19,UPLOAD,[Cover]SEC-generated letterAcc-no: 0000000000-11-043806 Size: 47 KB,
2011-07-20,10-Q,Quarterly report [Sections 13 or 15(d)]Acc-no: 0001193125-11-192493 (34 Act)  Size: 6 MB,000-1003011977855
2011-08-01,CORRESP,[Cover]CorrespondenceAcc-no: 0001193125-11-204317 Size: 21 KB,
2011-08-17,UPLOAD,[Cover]SEC-generated letterAcc-no: 0000000000-11-049720 Size: 45 KB,
2011-08-26,8-K,"Current report, item 5.02
Acc-no: 0001181431-11-047179 (34 Act)  Size: 13 KB",000-10030111060639
2011-10-06,8-K,"Current report, item 8.01
Acc-no: 0001181431-11-051976 (34 Act)  Size: 13 KB",000-10030111128218
2011-10-18,8-K,"Current report, items 2.02 and 9.01
Acc-no: 0001193125-11-273826 (34 Act)  Size: 219 KB",000-10030111146020
2011-10-26,10-K,"Annual report [Section 13 and 15(d), not S-K Item 405]Acc-no: 0001193125-11-282113 (34 Act)  Size: 9 MB",000-10030111159350
2011-11-16,8-K,"Current report, item 5.02
Acc-no: 0001181431-11-056354 (34 Act)  Size: 12 KB",000-10030111208666
2012-01-09,DEF 14A,Other definitive proxy statementsAcc-no: 0001193125-12-006704 (34 Act)  Size: 1 MB,000-1003012518092
2012-01-09,DEFA14A,Additional definitive proxy soliciting materials and Rule 14(a)(12) materialAcc-no: 0001193125-12-006713 (34 Act)  Size: 674 KB,000-1003012518129
2012-01-24,8-K,"Current report, items 2.02 and 9.01
Acc-no: 0001193125-12-021833 (34 Act)  Size: 200 KB",000-1003012542308
2012-01-25,10-Q,Quarterly report [Sections 13 or 15(d)]Acc-no: 0001193125-12-023398 (34 Act)  Size: 5 MB,000-1003012545140
2012-01-26,S-8,Securities to be offered to employees in employee benefit plansAcc-no: 0001193125-12-025384 (33 Act)  Size: 176 KB,333-17918912548560
2012-01-27,PX14A6G,Notice of exempt solicitationAcc-no: 0001171520-12-000058 (34 Act)  Size: 105 KB,000-1003012550936
2012-02-09,PX14A6G,Notice of exempt solicitationAcc-no: 0001171520-12-000087 (34 Act)  Size: 105 KB,000-1003012586561
2012-02-13,SC 13G/A,[Amend] Statement of acquisition of beneficial ownership by individualsAcc-no: 0001086364-12-001937 (34 Act)  Size: 13 KB,005-3363212598191
2012-02-14,SC 13G/A,[Amend] Statement of acquisition of beneficial ownership by individualsAcc-no: 0000315066-12-002390 (34 Act)  Size: 13 KB,005-3363212605398
2012-02-27,8-K,"Current report, item 5.07
Acc-no: 0001193125-12-081892 (34 Act)  Size: 40 KB",000-1003012642833
2012-04-24,8-K,"Current report, items 2.02 and 9.01
Acc-no: 0001193125-12-178928 (34 Act)  Size: 222 KB",000-1003012776355
2012-04-25,10-Q,Quarterly report [Sections 13 or 15(d)]Acc-no: 0001193125-12-182321 (34 Act)  Size: 7 MB,000-1003012780280
2012-04-26,S-8,Securities to be offered to employees in employee benefit plansAcc-no: 0001193125-12-186315 (33 Act)  Size: 155 KB,333-18098112784286
2012-05-24,8-K,"Current report, item 5.02
Acc-no: 0001181431-12-032458 (34 Act)  Size: 13 KB",000-1003012868497
2012-06-28,8-K,"Current report, item 5.02
Acc-no: 0001181431-12-038301 (34 Act)  Size: 11 KB",000-1003012932941
2012-07-24,8-K,"Current report, items 2.02 and 9.01
Acc-no: 0001193125-12-312355 (34 Act)  Size: 224 KB",000-1003012976888
2012-07-25,10-Q,Quarterly report [Sections 13 or 15(d)]Acc-no: 0001193125-12-314552 (34 Act)  Size: 6 MB,000-1003012979262
2012-10-25,8-K,"Current report, items 2.02 and 9.01
Acc-no: 0001193125-12-435506 (34 Act)  Size: 224 KB",000-10030121161784
2012-10-31,10-K,"Annual report [Section 13 and 15(d), not S-K Item 405]Acc-no: 0001193125-12-444068 (34 Act)  Size: 9 MB",000-10030121171452
2012-11-01,S-8,Securities to be offered to employees in employee benefit plansAcc-no: 0001193125-12-446915 (33 Act)  Size: 326 KB,333-184706121174363
2012-12-27,PRE 14A,Other preliminary proxy statementsAcc-no: 0001193125-12-515422 (34 Act)  Size: 1 MB,000-10030121286204
2013-01-07,DEF 14A,Other definitive proxy statementsAcc-no: 0001193125-13-005529 (34 Act)  Size: 1 MB,000-1003013515949
2013-01-07,DEFA14A,Additional definitive proxy soliciting materials and Rule 14(a)(12) materialAcc-no: 0001193125-13-005535 (34 Act)  Size: 662 KB,000-1003013515986
2013-01-23,8-K,"Current report, items 2.02 and 9.01
Acc-no: 0001193125-13-020783 (34 Act)  Size: 194 KB",000-1003013543110
2013-01-24,10-Q,Quarterly report [Sections 13 or 15(d)]Acc-no: 0001193125-13-022339 (34 Act)  Size: 5 MB,000-1003013546136
2013-02-04,PX14A6G,Notice of exempt solicitationAcc-no: 0001171520-13-000075 (34 Act)  Size: 101 KB,000-1003013570046
2013-02-07,PX14A6G,Notice of exempt solicitationAcc-no: 0001011438-13-000069 (34 Act)  Size: 47 KB,000-1003013580160
2013-02-07,DEFA14A,Additional definitive proxy soliciting materials and Rule 14(a)(12) materialAcc-no: 0001193125-13-043745 (34 Act)  Size: 20 KB,000-1003013583199
2013-02-08,SC 13G/A,[Amend] Statement of acquisition of beneficial ownership by individualsAcc-no: 0001305227-13-000340 (34 Act)  Size: 13 KB,005-3363213587028
2013-02-12,DEFA14A,Additional definitive proxy soliciting materials and Rule 14(a)(12) materialAcc-no: 0001193125-13-052003 (34 Act)  Size: 23 KB,000-1003013598232
2013-02-14,SC 13G/A,[Amend] Statement of acquisition of beneficial ownership by individualsAcc-no: 0000315066-13-003020 (34 Act)  Size: 12 KB,005-3363213611872
2013-02-21,PX14A6G,Notice of exempt solicitationAcc-no: 0001011438-13-000187 (34 Act)  Size: 6 MB,000-1003013631404
2013-02-21,PX14A6G,Notice of exempt solicitationAcc-no: 0001011438-13-000183 (34 Act)  Size: 14 KB,000-1003013631089
2013-03-01,8-K,"Current report, item 5.07
Acc-no: 0001193125-13-085842 (34 Act)  Size: 38 KB",000-1003013654649
2013-04-23,8-K,"Current report, items 7.01 and 9.01
Acc-no: 0001193125-13-167469 (34 Act)  Size: 27 KB",000-1003013776856
2013-04-23,8-K,"Current report, items 2.02 and 9.01
Acc-no: 0001193125-13-167458 (34 Act)  Size: 212 KB",000-1003013776839
2013-04-24,8-K,"Current report, items 8.01 and 9.01
Acc-no: 0001193125-13-170623 (34 Act)  Size: 9 MB",000-1003013779959
2013-04-24,10-Q,Quarterly report [Sections 13 or 15(d)]Acc-no: 0001193125-13-168288 (34 Act)  Size: 6 MB,000-1003013777542
2013-04-29,S-3ASR,Automatic shelf registration statement of securities of well-known seasoned issuersAcc-no: 0001193125-13-179942 (33 Act)  Size: 808 KB,333-18819113789192
2013-04-30,424B2,Prospectus [Rule 424(b)(2)]Acc-no: 0001193125-13-184506 (33 Act)  Size: 392 KB,333-18819113794442
2013-05-01,FWP,Filing under Securities Act Rules 163/433 of free writing prospectusesAcc-no: 0001193125-13-189053 (34 Act)  Size: 52 KB,333-18819113800170
2013-05-01,424B2,Prospectus [Rule 424(b)(2)]Acc-no: 0001193125-13-191849 (33 Act)  Size: 414 KB,333-18819113802405
2013-05-03,8-K,"Current report, items 8.01 and 9.01
Acc-no: 0001193125-13-199324 (34 Act)  Size: 429 KB",000-1003013813281
2013-06-13,UPLOAD,[Cover]SEC-generated letterAcc-no: 0000000000-13-032308 Size: 164 KB,
2013-06-21,8-K,"Current report, item 5.02
Acc-no: 0001193125-13-267629 (34 Act)  Size: 63 KB",000-1003013927974
2013-06-24,CORRESP,[Cover]CorrespondenceAcc-no: 0001193125-13-269419 Size: 25 KB,
2013-07-09,UPLOAD,[Cover]SEC-generated letterAcc-no: 0000000000-13-037238 Size: 143 KB,
2013-07-22,CORRESP,[Cover]CorrespondenceAcc-no: 0001193125-13-297312 Size: 38 KB,
2013-07-23,8-K,"Current report, items 2.02 and 9.01
Acc-no: 0001193125-13-298914 (34 Act)  Size: 209 KB",000-1003013981674
2013-07-24,10-Q,Quarterly report [Sections 13 or 15(d)]Acc-no: 0001193125-13-300670 (34 Act)  Size: 10 MB,000-1003013984130
2013-07-30,8-K,"Current report, item 5.02
Acc-no: 0001181431-13-041847 (34 Act)  Size: 11 KB",000-1003013996343
2013-09-06,UPLOAD,[Cover]SEC-generated letterAcc-no: 0000000000-13-048900 Size: 33 KB,
2013-09-23,8-K,"Current report, item 8.01
Acc-no: 0001181431-13-050140 (34 Act)  Size: 12 KB",000-10030131109173
2013-10-28,8-K,"Current report, items 2.02 and 9.01
Acc-no: 0001193125-13-413498 (34 Act)  Size: 213 KB",000-10030131173425
2013-10-30,10-K,"Annual report [Section 13 and 15(d), not S-K Item 405]Acc-no: 0001193125-13-416534 (34 Act)  Size: 11 MB",000-10030131177575
2013-12-04,DFAN14A,Additional definitive proxy soliciting materials filed by non-management and Rule 14(a)(12) materialAcc-no: 0000928464-13-000275 (34 Act)  Size: 33 KB,000-10030131257242
2013-12-17,NO ACT,[Paper]No Action LetterAcc-no: 9999999997-14-000040 (34 Act)  Size: 1 KB,000-1003013003879
2013-12-27,PRE 14A,Other preliminary proxy statementsAcc-no: 0001193125-13-486406 (34 Act)  Size: 1 MB,000-10030131301152
2014-01-08,NO ACT,[Paper]No Action LetterAcc-no: 9999999997-14-000591 (34 Act)  Size: 1 KB,000-1003013003962
2014-01-10,DEF 14A,Other definitive proxy statementsAcc-no: 0001193125-14-008074 (34 Act)  Size: 1 MB,000-1003014522443
2014-01-10,DEFA14A,Additional definitive proxy soliciting materials and Rule 14(a)(12) materialAcc-no: 0001193125-14-008086 (34 Act)  Size: 712 KB,000-1003014522487
2014-01-23,PX14A6G,Notice of exempt solicitationAcc-no: 0000928464-14-000003 (34 Act)  Size: 54 KB,000-1003014542777
2014-01-27,8-K,"Current report, items 2.02 and 9.01
Acc-no: 0001193125-14-022238 (34 Act)  Size: 194 KB",000-1003014549283
2014-01-28,SC 13G/A,[Amend] Statement of acquisition of beneficial ownership by individualsAcc-no: 0001086364-14-000386 (34 Act)  Size: 13 KB,005-3363214551259
2014-01-28,PX14A6G,Notice of exempt solicitationAcc-no: 0000928464-14-000006 (34 Act)  Size: 11 KB,000-1003014553743
2014-01-28,10-Q,Quarterly report [Sections 13 or 15(d)]Acc-no: 0001193125-14-024487 (34 Act)  Size: 7 MB,000-1003014553777
2014-01-31,S-8,Securities to be offered to employees in employee benefit plansAcc-no: 0001193125-14-031119 (33 Act)  Size: 147 KB,333-19370914565494
2014-02-07,PX14A6G,Notice of exempt solicitationAcc-no: 0000928464-14-000010 (34 Act)  Size: 12 KB,000-1003014584187
2014-02-07,PX14A6G,Notice of exempt solicitationAcc-no: 0000928464-14-000008 (34 Act)  Size: 11 KB,000-1003014583712
2014-02-10,PX14A6G,Notice of exempt solicitationAcc-no: 0001214659-14-001019 (34 Act)  Size: 74 KB,000-1003014587328
2014-02-10,PX14A6G,Notice of exempt solicitationAcc-no: 0000928464-14-000013 (34 Act)  Size: 23 KB,000-1003014590017
2014-03-05,8-K,"Current report, items 5.02, 5.03, 5.07, and 9.01
Acc-no: 0001193125-14-084697 (34 Act)  Size: 367 KB",000-1003014670080
2014-04-23,8-K,"Current report, items 2.02 and 9.01
Acc-no: 0001193125-14-154871 (34 Act)  Size: 213 KB",000-1003014779088
2014-04-23,8-K,"Current report, items 7.01 and 9.01
Acc-no: 0001193125-14-154883 (34 Act)  Size: 26 KB",000-1003014779103
2014-04-24,10-Q,Quarterly report [Sections 13 or 15(d)]Acc-no: 0001193125-14-157311 (34 Act)  Size: 8 MB,000-1003014782284
2014-04-25,S-8,Securities to be offered to employees in employee benefit plansAcc-no: 0001193125-14-160171 (33 Act)  Size: 157 KB,333-19550914786592
2014-04-29,424B2,Prospectus [Rule 424(b)(2)]Acc-no: 0001193125-14-164929 (33 Act)  Size: 419 KB,333-18819114791270
2014-04-30,FWP,Filing under Securities Act Rules 163/433 of free writing prospectusesAcc-no: 0001193125-14-168389 (34 Act)  Size: 54 KB,333-18819114795638
2014-04-30,424B2,Prospectus [Rule 424(b)(2)]Acc-no: 0001193125-14-172859 (33 Act)  Size: 440 KB,333-18819114800336
2014-05-06,8-K,"Current report, items 8.01 and 9.01
Acc-no: 0001193125-14-184969 (34 Act)  Size: 513 KB",000-1003014817467
2014-05-29,SD,Acc-no: 0001193125-14-217311 (34 Act)  Size: 103 KB,000-1003014876438
2014-05-30,8-K,"Current report, item 5.02
Acc-no: 0001181431-14-021923 (34 Act)  Size: 13 KB",000-1003014881425
2014-06-06,8-K,"Current report, items 5.03 and 9.01
Acc-no: 0001193125-14-228798 (34 Act)  Size: 21 KB",000-1003014896955
2014-07-17,8-K,"Current report, item 5.02
Acc-no: 0001193125-14-271698 (34 Act)  Size: 14 KB",000-1003014980728
2014-07-22,8-K,"Current report, items 2.02 and 9.01
Acc-no: 0001193125-14-275598 (34 Act)  Size: 212 KB",000-1003014986891
2014-07-23,8-K,"Current report, items 8.01 and 9.01
Acc-no: 0001193125-14-277193 (34 Act)  Size: 29 KB",000-1003014989234
2014-07-23,10-Q,Quarterly report [Sections 13 or 15(d)]Acc-no: 0001193125-14-277160 (34 Act)  Size: 9 MB,000-1003014989142
2014-10-20,8-K,"Current report, items 2.02 and 9.01
Acc-no: 0001193125-14-376361 (34 Act)  Size: 168 KB",000-10030141164188
2014-10-27,10-K,"Annual report [Section 13 and 15(d), not S-K Item 405]Acc-no: 0001193125-14-383437 (34 Act)  Size: 12 MB",000-10030141175110
2014-11-04,424B2,Prospectus [Rule 424(b)(2)]Acc-no: 0001193125-14-394996 (33 Act)  Size: 431 KB,333-188191141190986
2014-11-04,FWP,Filing under Securities Act Rules 163/433 of free writing prospectusesAcc-no: 0001193125-14-395979 (34 Act)  Size: 20 KB,333-188191141192688
2014-11-05,424B2,Prospectus [Rule 424(b)(2)]Acc-no: 0001193125-14-398779 (33 Act)  Size: 442 KB,333-188191141197794
2014-11-10,8-K,"Current report, items 8.01 and 9.01
Acc-no: 0001193125-14-406296 (34 Act)  Size: 295 KB",000-10030141209609
2014-11-12,8-A12B,Registration of securities [Section 12(b)]Acc-no: 0001193125-14-409218 (34 Act)  Size: 18 KB,001-36743141213987
2014-11-13,CERTNYS,[Paper]Certification by the New York Stock Exchange approving securities for listingAcc-no: 9999999997-14-015004 (34 Act)  Size: 1 KB,001-3674314007839
2014-12-04,NO ACT,[Paper]No Action LetterAcc-no: 9999999997-14-015701 (34 Act)  Size: 1 KB,001-3674314008607
2014-12-11,NO ACT,[Paper]No Action LetterAcc-no: 9999999997-14-016001 (34 Act)  Size: 1 KB,001-3674314008711
2014-12-29,NO ACT,[Paper]No Action LetterAcc-no: 9999999997-15-000139 (34 Act)  Size: 1 KB,001-3674314008451
2014-12-30,NO ACT,[Paper]No Action LetterAcc-no: 9999999997-15-000140 (34 Act)  Size: 1 KB,001-3674314008453
2015-01-22,DEF 14A,Other definitive proxy statementsAcc-no: 0001193125-15-017607 (34 Act)  Size: 1 MB,001-3674315542570
2015-01-22,DEFA14A,Additional definitive proxy soliciting materials and Rule 14(a)(12) materialAcc-no: 0001193125-15-017614 (34 Act)  Size: 865 KB,001-3674315542585
2015-01-27,8-K,"Current report, items 2.02 and 9.01
Acc-no: 0001193125-15-021857 (34 Act)  Size: 143 KB",001-3674315552085
2015-01-28,8-K,"Current report, items 8.01 and 9.01
Acc-no: 0001193125-15-023732 (34 Act)  Size: 11 MB",001-3674315555430
2015-01-28,10-Q,Quarterly report [Sections 13 or 15(d)]Acc-no: 0001193125-15-023697 (34 Act)  Size: 7 MB,001-3674315555294
2015-02-02,424B2,Prospectus [Rule 424(b)(2)]Acc-no: 0001193125-15-028777 (33 Act)  Size: 412 KB,333-18819115564954
2015-02-02,SC 13G/A,[Amend] Statement of acquisition of beneficial ownership by individualsAcc-no: 0001086364-15-001457 (34 Act)  Size: 13 KB,005-3363215565636
2015-02-03,FWP,Filing under Securities Act Rules 163/433 of free writing prospectusesAcc-no: 0001193125-15-030106 (34 Act)  Size: 37 KB,333-18819115569012
2015-02-03,424B2,Prospectus [Rule 424(b)(2)]Acc-no: 0001193125-15-031599 (33 Act)  Size: 435 KB,333-18819115571551
2015-02-09,8-K,"Current report, items 8.01 and 9.01
Acc-no: 0001193125-15-039270 (34 Act)  Size: 394 KB",001-3674315589180
2015-02-10,SC 13G,Statement of acquisition of beneficial ownership by individualsAcc-no: 0000932471-15-003679 (34 Act)  Size: 39 KB,005-3363215591143
2015-02-12,SD,Acc-no: 0001193125-15-045292 (34 Act)  Size: 338 KB,001-3674315601802
2015-03-04,UPLOAD,[Cover]SEC-generated letterAcc-no: 0000000000-15-013496 Size: 173 KB,
2015-03-13,8-K,"Current report, items 5.07 and 9.01
Acc-no: 0001104659-15-019336 (34 Act)  Size: 207 KB",001-3674315697620
2015-04-01,CORRESP,[Cover]CorrespondenceAcc-no: 0001193125-15-115893 Size: 85 KB,
2015-04-27,8-K,"Current report, items 2.02 and 9.01
Acc-no: 0001193125-15-149590 (34 Act)  Size: 151 KB",001-3674315795493
2015-04-27,8-K,"Current report, items 7.01 and 9.01
Acc-no: 0001193125-15-149607 (34 Act)  Size: 27 KB",001-3674315795543
2015-04-28,10-Q,Quarterly report [Sections 13 or 15(d)]Acc-no: 0001193125-15-153166 (34 Act)  Size: 8 MB,001-3674315799362
2015-04-28,S-8,Securities to be offered to employees in employee benefit plansAcc-no: 0001193125-15-153187 (33 Act)  Size: 65 KB,333-20369815799418
2015-05-06,424B2,Prospectus [Rule 424(b)(2)]Acc-no: 0001193125-15-173308 (33 Act)  Size: 422 KB,333-18819115835121
2015-05-07,FWP,Filing under Securities Act Rules 163/433 of free writing prospectusesAcc-no: 0001193125-15-175208 (34 Act)  Size: 57 KB,333-18819115838994
2015-05-07,424B2,Prospectus [Rule 424(b)(2)]Acc-no: 0001193125-15-177428 (33 Act)  Size: 447 KB,333-18819115843153
2015-05-13,8-K,"Current report, items 8.01 and 9.01
Acc-no: 0001193125-15-186064 (34 Act)  Size: 478 KB",001-3674315859218
2015-05-19,UPLOAD,[Cover]SEC-generated letterAcc-no: 0000000000-15-027161 Size: 140 KB,
2015-06-01,424B2,Prospectus [Rule 424(b)(2)]Acc-no: 0001193125-15-207526 (33 Act)  Size: 447 KB,333-18819115901228
2015-06-04,424B2,Prospectus [Rule 424(b)(2)]Acc-no: 0001193125-15-213423 (33 Act)  Size: 448 KB,333-18819115913403
2015-06-04,FWP,Filing under Securities Act Rules 163/433 of free writing prospectusesAcc-no: 0001193125-15-212514 (34 Act)  Size: 10 KB,333-18819115911812
2015-06-10,8-K,"Current report, items 8.01 and 9.01
Acc-no: 0001193125-15-219298 (34 Act)  Size: 193 KB",001-3674315923574
2015-07-21,8-K,"Current report, items 2.02 and 9.01
Acc-no: 0001193125-15-258464 (34 Act)  Size: 149 KB",001-3674315998142
2015-07-22,10-Q,Quarterly report [Sections 13 or 15(d)]Acc-no: 0001193125-15-259935 (34 Act)  Size: 6 MB,001-36743151000501
2015-07-24,424B2,Prospectus [Rule 424(b)(2)]Acc-no: 0001193125-15-261843 (33 Act)  Size: 445 KB,333-188191151003372
2015-07-24,FWP,Filing under Securities Act Rules 163/433 of free writing prospectusesAcc-no: 0001193125-15-262731 (34 Act)  Size: 21 KB,333-188191151004715
2015-07-27,424B2,Prospectus [Rule 424(b)(2)]Acc-no: 0001193125-15-264078 (33 Act)  Size: 453 KB,333-188191151007324
2015-07-31,8-K,"Current report, items 8.01 and 9.01
Acc-no: 0001193125-15-273023 (34 Act)  Size: 295 KB",001-36743151019763
2015-08-03,8-A12B,Registration of securities [Section 12(b)]Acc-no: 0001193125-15-273818 (34 Act)  Size: 17 KB,001-36743151020968
2015-08-03,CERTNYS,[Paper]Certification by the New York Stock Exchange approving securities for listingAcc-no: 9999999997-15-012341 (34 Act)  Size: 1 KB,001-3674315007939
2015-08-31,CORRESP,[Cover]CorrespondenceAcc-no: 0001193125-15-307923 Size: 51 KB,
2015-09-09,UPLOAD,[Cover]SEC-generated letterAcc-no: 0000000000-15-044866 Size: 33 KB,
2015-09-10,424B2,Prospectus [Rule 424(b)(2)]Acc-no: 0001193125-15-316498 (33 Act)  Size: 446 KB,333-188191151099977
2015-09-10,FWP,Filing under Securities Act Rules 163/433 of free writing prospectusesAcc-no: 0001193125-15-317144 (34 Act)  Size: 21 KB,333-188191151101040
2015-09-11,424B2,Prospectus [Rule 424(b)(2)]Acc-no: 0001193125-15-318535 (33 Act)  Size: 459 KB,333-188191151103736
2015-09-17,8-A12B,Registration of securities [Section 12(b)]Acc-no: 0001193125-15-322479 (34 Act)  Size: 17 KB,001-36743151112599
2015-09-17,8-K,"Current report, items 8.01 and 9.01
Acc-no: 0001193125-15-322466 (34 Act)  Size: 284 KB",001-36743151112559
2015-09-18,CERTNYS,[Paper]Certification by the New York Stock Exchange approving securities for listingAcc-no: 9999999997-15-013472 (34 Act)  Size: 1 KB,001-3674315008273
2015-10-02,8-K,"Current report, item 5.02
Acc-no: 0001193125-15-336615 (34 Act)  Size: 15 KB",001-36743151140741
2015-10-27,8-K,"Current report, items 2.02 and 9.01
Acc-no: 0001193125-15-354756 (34 Act)  Size: 153 KB",001-36743151178125
2015-10-28,10-K,"Annual report [Section 13 and 15(d), not S-K Item 405]Acc-no: 0001193125-15-356351 (34 Act)  Size: 9 MB",001-36743151180619
2015-11-16,NO ACT,[Paper]No Action LetterAcc-no: 9999999997-15-014867 (34 Act)  Size: 1 KB,001-3674315008355
2015-11-16,NO ACT,[Paper]No Action LetterAcc-no: 9999999997-15-014868 (34 Act)  Size: 1 KB,001-3674315008356
2015-12-11,NO ACT,[Paper]No Action LetterAcc-no: 9999999997-15-016011 (34 Act)  Size: 1 KB,001-3674315008488
2015-12-14,NO ACT,[Paper]No Action LetterAcc-no: 9999999997-15-015765 (34 Act)  Size: 1 KB,001-3674315008450
2015-12-17,8-K,"Current report, item 5.02
Acc-no: 0001193125-15-406279 (34 Act)  Size: 14 KB",001-36743151294008
2015-12-22,8-K,"Current report, items 5.03 and 9.01
Acc-no: 0001193125-15-410853 (34 Act)  Size: 193 KB",001-36743151302514
2016-01-06,DEF 14A,Other definitive proxy statementsAcc-no: 0001193125-16-422528 (34 Act)  Size: 2 MB,001-36743161327205
2016-01-06,DEFA14A,Additional definitive proxy soliciting materials and Rule 14(a)(12) materialAcc-no: 0001193125-16-422534 (34 Act)  Size: 659 KB,001-36743161327260
2016-01-14,PX14A6G,Notice of exempt solicitationAcc-no: 0001214659-16-008862 (34 Act)  Size: 52 KB,001-36743161342219
2016-01-25,SC 13G/A,[Amend] Statement of acquisition of beneficial ownership by individualsAcc-no: 0000215457-16-002043 (34 Act)  Size: 13 KB,005-33632161358253
2016-01-26,8-K,"Current report, items 2.02 and 9.01
Acc-no: 0001193125-16-438421 (34 Act)  Size: 693 KB",001-36743161361839
2016-01-27,10-Q,Quarterly report [Sections 13 or 15(d)]Acc-no: 0001193125-16-439878 (34 Act)  Size: 5 MB,001-36743161365395
2016-02-10,SC 13G/A,[Amend] Statement of acquisition of beneficial ownership by individualsAcc-no: 0000932471-16-011528 (34 Act)  Size: 39 KB,005-33632161404831
2016-02-16,424B2,Prospectus [Rule 424(b)(2)]Acc-no: 0001193125-16-463982 (33 Act)  Size: 491 KB,333-188191161423233
2016-02-17,424B2,Prospectus [Rule 424(b)(2)]Acc-no: 0001193125-16-467194 (33 Act)  Size: 523 KB,333-188191161433910
2016-02-17,FWP,Filing under Securities Act Rules 163/433 of free writing prospectusesAcc-no: 0001193125-16-466166 (34 Act)  Size: 93 KB,333-188191161431535
2016-02-23,8-K,"Current report, items 8.01 and 9.01
Acc-no: 0001193125-16-473562 (34 Act)  Size: 618 KB",001-36743161448489
2016-03-01,8-K,"Current report, items 5.02, 5.07, and 9.01
Acc-no: 0001193125-16-488223 (34 Act)  Size: 156 KB",001-36743161473818
2016-03-17,424B2,Prospectus [Rule 424(b)(2)]Acc-no: 0001193125-16-507590 (33 Act)  Size: 436 KB,333-188191161511310
2016-03-18,FWP,Filing under Securities Act Rules 163/433 of free writing prospectusesAcc-no: 0001193125-16-509001 (34 Act)  Size: 30 KB,333-188191161513910
2016-03-18,424B2,Prospectus [Rule 424(b)(2)]Acc-no: 0001193125-16-510499 (33 Act)  Size: 455 KB,333-188191161516824
2016-03-24,8-K,"Current report, items 8.01 and 9.01
Acc-no: 0001193125-16-516891 (34 Act)  Size: 324 KB",001-36743161527208
2016-03-30,SD,Acc-no: 0001193125-16-523320 (34 Act)  Size: 336 KB,001-36743161538428
2016-04-26,8-K,"Current report, items 2.02 and 9.01
Acc-no: 0001193125-16-556520 (34 Act)  Size: 162 KB",001-36743161592349
2016-04-27,10-Q,Quarterly report [Sections 13 or 15(d)]Acc-no: 0001193125-16-559625 (34 Act)  Size: 6 MB,001-36743161595799
2016-04-28,S-3ASR,Automatic shelf registration statement of securities of well-known seasoned issuersAcc-no: 0001193125-16-564177 (33 Act)  Size: 332 KB,333-210983161601070
2016-06-07,424B2,Prospectus [Rule 424(b)(2)]Acc-no: 0001193125-16-614374 (33 Act)  Size: 436 KB,333-210983161699852
2016-06-07,FWP,Filing under Securities Act Rules 163/433 of free writing prospectusesAcc-no: 0001193125-16-615362 (34 Act)  Size: 13 KB,333-210983161701731
2016-06-08,424B2,Prospectus [Rule 424(b)(2)]Acc-no: 0001193125-16-616649 (33 Act)  Size: 438 KB,333-210983161703684
2016-06-22,8-K,"Current report, items 8.01 and 9.01
Acc-no: 0001193125-16-628957 (34 Act)  Size: 242 KB",001-36743161726856
2016-07-26,8-K,"Current report, items 2.02 and 9.01
Acc-no: 0001628280-16-017762 (34 Act)  Size: 424 KB",001-36743161784653
2016-07-27,10-Q,Quarterly report [Sections 13 or 15(d)]Acc-no: 0001628280-16-017809 (34 Act)  Size: 9 MB,001-36743161787078
2016-07-28,424B2,Prospectus [Rule 424(b)(2)]Acc-no: 0001193125-16-661201 (33 Act)  Size: 453 KB,333-210983161788444
2016-07-29,424B2,Prospectus [Rule 424(b)(2)]Acc-no: 0001193125-16-664603 (33 Act)  Size: 475 KB,333-210983161794258
2016-07-29,FWP,Filing under Securities Act Rules 163/433 of free writing prospectusesAcc-no: 0001193125-16-662761 (34 Act)  Size: 44 KB,333-210983161791548
2016-08-04,8-K,"Current report, items 8.01 and 9.01
Acc-no: 0001193125-16-672044 (34 Act)  Size: 447 KB",001-36743161808515
2016-10-25,8-K,"Current report, items 2.02 and 9.01
Acc-no: 0001628280-16-020258 (34 Act)  Size: 430 KB",001-36743161950726
2016-10-26,10-K,"Annual report [Section 13 and 15(d), not S-K Item 405]Acc-no: 0001628280-16-020309 (34 Act)  Size: 13 MB",001-36743161953070
2016-10-26,NO ACT,[Paper]No Action LetterAcc-no: 9999999997-16-026607 (34 Act)  Size: 1 KB,001-3674316005137
2016-10-27,NO ACT,[Paper]No Action LetterAcc-no: 9999999997-17-000809 (34 Act)  Size: 1 KB,001-3674320160005
2016-12-05,NO ACT,[Paper]No Action LetterAcc-no: 9999999997-17-000002 (34 Act)  Size: 1 KB,001-3674316005019
2016-12-15,8-K,"Current report, items 5.03 and 9.01
Acc-no: 0001628280-16-022047 (34 Act)  Size: 248 KB",001-36743162054250
2017-01-06,DEF 14A,Other definitive proxy statementsAcc-no: 0001193125-17-003753 (34 Act)  Size: 5 MB,001-3674317512896
2017-01-06,DEFA14A,Additional definitive proxy soliciting materials and Rule 14(a)(12) materialAcc-no: 0001193125-17-003764 (34 Act)  Size: 674 KB,001-3674317512909
2017-01-19,SC 13G/A,[Amend] Statement of acquisition of beneficial ownership by individualsAcc-no: 0000215457-17-001275 (34 Act)  Size: 13 KB,005-3363217536781
2017-01-31,PX14A6G,Notice of exempt solicitationAcc-no: 0001214659-17-000547 (34 Act)  Size: 28 KB,001-3674317559872
2017-01-31,8-K,"Current report, items 2.02 and 9.01
Acc-no: 0001628280-17-000663 (34 Act)  Size: 390 KB",001-3674317561519
2017-02-01,10-Q,Quarterly report [Sections 13 or 15(d)]Acc-no: 0001628280-17-000717 (34 Act)  Size: 8 MB,001-3674317565317
2017-02-02,424B2,Prospectus [Rule 424(b)(2)]Acc-no: 0001193125-17-028315 (33 Act)  Size: 498 KB,333-21098317566778
2017-02-03,FWP,Filing under Securities Act Rules 163/433 of free writing prospectusesAcc-no: 0001193125-17-029548 (34 Act)  Size: 96 KB,333-21098317570099
2017-02-03,424B2,Prospectus [Rule 424(b)(2)]Acc-no: 0001193125-17-030832 (33 Act)  Size: 544 KB,333-21098317572868
2017-02-09,8-K,"Current report, items 8.01 and 9.01
Acc-no: 0001193125-17-036283 (34 Act)  Size: 675 KB",001-3674317588362
2017-02-09,SC 13G/A,[Amend] Statement of acquisition of beneficial ownership by individualsAcc-no: 0000932471-17-000777 (34 Act)  Size: 37 KB,005-3363217586504
2017-02-14,424B2,Prospectus [Rule 424(b)(2)]Acc-no: 0001193125-17-041233 (33 Act)  Size: 476 KB,333-21098317601961
2017-02-14,FWP,Filing under Securities Act Rules 163/433 of free writing prospectusesAcc-no: 0001193125-17-042083 (34 Act)  Size: 13 KB,333-21098317602904
2017-02-15,424B2,Prospectus [Rule 424(b)(2)]Acc-no: 0001193125-17-044564 (33 Act)  Size: 476 KB,333-21098317613002
2017-03-01,8-K,"Current report, item 5.07
Acc-no: 0001193125-17-064019 (34 Act)  Size: 49 KB",001-3674317651574
2017-03-03,8-K,"Current report, items 8.01 and 9.01
Acc-no: 0001193125-17-069853 (34 Act)  Size: 234 KB",001-3674317664239
2017-05-02,8-K,"Current report, items 2.02 and 9.01
Acc-no: 0001628280-17-004663 (34 Act)  Size: 430 KB",001-3674317805508
2017-05-03,10-Q,Quarterly report [Sections 13 or 15(d)]Acc-no: 0001628280-17-004790 (34 Act)  Size: 9 MB,001-3674317809653
2017-05-04,424B2,Prospectus [Rule 424(b)(2)]Acc-no: 0001193125-17-157385 (33 Act)  Size: 428 KB,333-21098317811979
2017-05-05,FWP,Filing under Securities Act Rules 163/433 of free writing prospectusesAcc-no: 0001193125-17-159324 (34 Act)  Size: 54 KB,333-21098317815909
2017-05-05,SD,Acc-no: 0001193125-17-159397 (34 Act)  Size: 835 KB,001-3674317816013
2017-05-05,424B2,Prospectus [Rule 424(b)(2)]Acc-no: 0001193125-17-160948 (33 Act)  Size: 460 KB,333-21098317819168
2017-05-11,8-K,"Current report, items 8.01 and 9.01
Acc-no: 0001193125-17-167400 (34 Act)  Size: 514 KB",001-3674317835158
2017-05-17,424B2,Prospectus [Rule 424(b)(2)]Acc-no: 0001193125-17-172693 (33 Act)  Size: 462 KB,333-21098317850239
2017-05-17,FWP,Filing under Securities Act Rules 163/433 of free writing prospectusesAcc-no: 0001193125-17-173678 (34 Act)  Size: 30 KB,333-21098317852308
2017-05-18,424B2,Prospectus [Rule 424(b)(2)]Acc-no: 0001193125-17-175330 (33 Act)  Size: 469 KB,333-21098317855370
2017-05-24,8-A12B,Registration of securities [Section 12(b)]Acc-no: 0001193125-17-181871 (34 Act)  Size: 17 KB,001-3674317867595
2017-05-24,8-K,"Current report, items 8.01 and 9.01
Acc-no: 0001193125-17-181867 (34 Act)  Size: 309 KB",001-3674317867578
2017-05-25,CERTNYS,[Paper]Certification by the New York Stock Exchange approving securities for listingAcc-no: 9999999997-17-006550 (34 Act)  Size: 1 KB,001-3674317010416
2017-06-13,424B2,Prospectus [Rule 424(b)(2)]Acc-no: 0001193125-17-201958 (33 Act)  Size: 422 KB,333-21098317907933
2017-06-14,FWP,Filing under Securities Act Rules 163/433 of free writing prospectusesAcc-no: 0001193125-17-202772 (34 Act)  Size: 16 KB,333-21098317910189
2017-06-14,424B2,Prospectus [Rule 424(b)(2)]Acc-no: 0001193125-17-203548 (33 Act)  Size: 426 KB,333-21098317911569
2017-06-20,8-K,"Current report, items 8.01 and 9.01
Acc-no: 0001193125-17-208226 (34 Act)  Size: 217 KB",001-3674317921171
2017-08-01,8-K,"Current report, items 2.02 and 9.01
Acc-no: 0000320193-17-000006 (34 Act)  Size: 406 KB",001-3674317997093
2017-08-02,10-Q,Quarterly report [Sections 13 or 15(d)]Acc-no: 0000320193-17-000009 (34 Act)  Size: 10 MB,001-36743171000359
2017-08-15,424B2,Prospectus [Rule 424(b)(2)]Acc-no: 0001193125-17-258040 (33 Act)  Size: 413 KB,333-210983171032511
2017-08-15,FWP,Filing under Securities Act Rules 163/433 of free writing prospectusesAcc-no: 0001193125-17-258729 (34 Act)  Size: 28 KB,333-210983171034713
2017-08-16,424B2,Prospectus [Rule 424(b)(2)]Acc-no: 0001193125-17-258933 (33 Act)  Size: 419 KB,333-210983171035154
2017-08-18,8-K,"Current report, items 8.01 and 9.01
Acc-no: 0001193125-17-262261 (34 Act)  Size: 317 KB",001-36743171041380
2017-09-05,424B2,Prospectus [Rule 424(b)(2)]Acc-no: 0001193125-17-276117 (33 Act)  Size: 426 KB,333-210983171067415
2017-09-06,FWP,Filing under Securities Act Rules 163/433 of free writing prospectusesAcc-no: 0001193125-17-276961 (34 Act)  Size: 43 KB,333-210983171070000
2017-09-06,424B2,Prospectus [Rule 424(b)(2)]Acc-no: 0001193125-17-277897 (33 Act)  Size: 416 KB,333-210983171071961
2017-09-12,8-K,"Current report, items 8.01 and 9.01
Acc-no: 0001193125-17-282809 (34 Act)  Size: 394 KB",001-36743171081538
2017-10-12,8-K,"Current report, item 5.02
Acc-no: 0001193125-17-308859 (34 Act)  Size: 15 KB",001-36743171134765
2017-11-02,8-K,"Current report, items 2.02 and 9.01
Acc-no: 0000320193-17-000067 (34 Act)  Size: 408 KB",001-36743171172828
2017-11-03,10-K,"Annual report [Section 13 and 15(d), not S-K Item 405]Acc-no: 0000320193-17-000070 (34 Act)  Size: 14 MB",001-36743171174673
2017-11-06,424B2,Prospectus [Rule 424(b)(2)]Acc-no: 0001193125-17-333582 (33 Act)  Size: 411 KB,333-210983171178253
2017-11-07,FWP,Filing under Securities Act Rules 163/433 of free writing prospectusesAcc-no: 0001193125-17-334724 (34 Act)  Size: 57 KB,333-210983171180891
2017-11-07,424B2,Prospectus [Rule 424(b)(2)]Acc-no: 0001193125-17-335805 (33 Act)  Size: 430 KB,333-210983171183888
2017-11-13,8-K,"Current report, items 8.01 and 9.01
Acc-no: 0001193125-17-341015 (34 Act)  Size: 521 KB",001-36743171196609
2017-12-27,DEF 14A,Other definitive proxy statementsAcc-no: 0001193125-17-380130 (34 Act)  Size: 5 MB,001-36743171276400
2017-12-27,DEFA14A,Additional definitive proxy soliciting materials and Rule 14(a)(12) materialAcc-no: 0001193125-17-380132 (34 Act)  Size: 408 KB,001-36743171276414
2018-01-29,SC 13G/A,[Amend] Statement of acquisition of beneficial ownership by individualsAcc-no: 0000215457-18-003762 (34 Act)  Size: 13 KB,005-3363218555984
2018-02-01,8-K,"Current report, items 2.02 and 9.01
Acc-no: 0000320193-18-000005 (34 Act)  Size: 363 KB",001-3674318567220
2018-02-02,10-Q,Quarterly report [Sections 13 or 15(d)]Acc-no: 0000320193-18-000007 (34 Act)  Size: 8 MB,001-3674318568703
2018-02-12,SC 13G/A,[Amend] Statement of acquisition of beneficial ownership by individualsAcc-no: 0000932471-18-004625 (34 Act)  Size: 45 KB,005-3363218594295
2018-02-14,8-K,"Current report, items 5.07 and 9.01
Acc-no: 0001193125-18-045761 (34 Act)  Size: 115 KB",001-3674318613111
2018-03-07,SD,Acc-no: 0001193125-18-073716 (34 Act)  Size: 876 KB,001-3674318674202
2018-05-01,8-K,"Current report, items 2.02 and 9.01
Acc-no: 0000320193-18-000067 (34 Act)  Size: 401 KB",001-3674318795935
2018-05-02,10-Q,Quarterly report [Sections 13 or 15(d)]Acc-no: 0000320193-18-000070 (34 Act)  Size: 9 MB,001-3674318800115
2018-05-07,8-K,"Current report, items 8.01 and 9.01
Acc-no: 0001193125-18-154515 (34 Act)  Size: 113 KB",001-3674318811649
2018-05-08,8-K/A,"[Amend] Current report, item 8.01
Acc-no: 0001193125-18-154948 (34 Act)  Size: 15 KB",001-3674318812776
